model,augmentation,phase,epoch,loss,accuracy,date,transformations
,random_7_operations,train,1,0.7151452004909515,0.5118894577026367,2023-05-04 09:04:09.293213,[None 'horizontal_flip' 'vertical_flip' 'rotation' 'transpose' 'elastic_transformation' 'grid_distortion' 'optical_distortion']
,random_7_operations,test,1,8.064117908477783,0.5897407531738281,2023-05-04 09:04:09.293213,[None 'horizontal_flip' 'vertical_flip' 'rotation' 'transpose' 'elastic_transformation' 'grid_distortion' 'optical_distortion']
,random_7_operations,train,2,0.5664505511522293,0.8218536376953125,2023-05-04 09:05:29.074617,[None 'horizontal_flip' 'vertical_flip' 'rotation' 'transpose' 'elastic_transformation' 'grid_distortion' 'optical_distortion']
,random_7_operations,test,2,0.4721214026212692,0.8193302154541016,2023-05-04 09:05:29.074617,[None 'horizontal_flip' 'vertical_flip' 'rotation' 'transpose' 'elastic_transformation' 'grid_distortion' 'optical_distortion']
,random_7_operations,train,3,0.4686594530940056,0.9682741165161133,2023-05-04 09:06:47.926308,[None 'horizontal_flip' 'vertical_flip' 'rotation' 'transpose' 'elastic_transformation' 'grid_distortion' 'optical_distortion']
,random_7_operations,test,3,0.34407874941825867,0.9975357055664062,2023-05-04 09:06:47.926308,[None 'horizontal_flip' 'vertical_flip' 'rotation' 'transpose' 'elastic_transformation' 'grid_distortion' 'optical_distortion']
,random_7_operations,train,4,0.3993629142642021,0.991206169128418,2023-05-04 09:08:05.625352,[None 'horizontal_flip' 'vertical_flip' 'rotation' 'transpose' 'elastic_transformation' 'grid_distortion' 'optical_distortion']
,random_7_operations,test,4,0.38841280341148376,0.9975357055664062,2023-05-04 09:08:05.625352,[None 'horizontal_flip' 'vertical_flip' 'rotation' 'transpose' 'elastic_transformation' 'grid_distortion' 'optical_distortion']
BONE_CHANNELS_reduced_size__Size-512x512_Epoch-100_Images-4_Batch-1__random_7_operations_all.pth,random_7_operations,train,5,0.35726387798786163,0.9952974319458008,2023-05-04 09:09:24.357079,[None 'horizontal_flip' 'vertical_flip' 'rotation' 'transpose' 'elastic_transformation' 'grid_distortion' 'optical_distortion']
BONE_CHANNELS_reduced_size__Size-512x512_Epoch-100_Images-4_Batch-1__random_7_operations_all.pth,random_7_operations,test,5,0.3853815793991089,0.9975357055664062,2023-05-04 09:09:24.357079,[None 'horizontal_flip' 'vertical_flip' 'rotation' 'transpose' 'elastic_transformation' 'grid_distortion' 'optical_distortion']
BONE_CHANNELS_reduced_size__Size-512x512_Epoch-100_Images-4_Batch-1__random_7_operations_all.pth,random_7_operations,train,6,0.33202478289604187,0.9956283569335938,2023-05-04 09:10:42.846880,[None 'horizontal_flip' 'vertical_flip' 'rotation' 'transpose' 'elastic_transformation' 'grid_distortion' 'optical_distortion']
BONE_CHANNELS_reduced_size__Size-512x512_Epoch-100_Images-4_Batch-1__random_7_operations_all.pth,random_7_operations,test,6,0.3770858496427536,0.9975357055664062,2023-05-04 09:10:42.846880,[None 'horizontal_flip' 'vertical_flip' 'rotation' 'transpose' 'elastic_transformation' 'grid_distortion' 'optical_distortion']
BONE_CHANNELS_reduced_size__Size-512x512_Epoch-100_Images-4_Batch-1__random_7_operations_all.pth,random_7_operations,train,7,0.30780578404664993,0.9955224990844727,2023-05-04 09:12:00.622901,[None 'horizontal_flip' 'vertical_flip' 'rotation' 'transpose' 'elastic_transformation' 'grid_distortion' 'optical_distortion']
BONE_CHANNELS_reduced_size__Size-512x512_Epoch-100_Images-4_Batch-1__random_7_operations_all.pth,random_7_operations,test,7,0.37623223662376404,0.9975357055664062,2023-05-04 09:12:00.622901,[None 'horizontal_flip' 'vertical_flip' 'rotation' 'transpose' 'elastic_transformation' 'grid_distortion' 'optical_distortion']
BONE_CHANNELS_reduced_size__Size-512x512_Epoch-100_Images-4_Batch-1__random_7_operations_all.pth,random_7_operations,train,8,0.2812289893627167,0.9953756332397461,2023-05-04 09:13:18.428914,[None 'horizontal_flip' 'vertical_flip' 'rotation' 'transpose' 'elastic_transformation' 'grid_distortion' 'optical_distortion']
BONE_CHANNELS_reduced_size__Size-512x512_Epoch-100_Images-4_Batch-1__random_7_operations_all.pth,random_7_operations,test,8,0.35013383626937866,0.9975357055664062,2023-05-04 09:13:18.428914,[None 'horizontal_flip' 'vertical_flip' 'rotation' 'transpose' 'elastic_transformation' 'grid_distortion' 'optical_distortion']
BONE_CHANNELS_reduced_size__Size-512x512_Epoch-100_Images-4_Batch-1__random_7_operations_all.pth,random_7_operations,train,9,0.26499781012535095,0.9949769973754883,2023-05-04 09:14:37.262609,[None 'horizontal_flip' 'vertical_flip' 'rotation' 'transpose' 'elastic_transformation' 'grid_distortion' 'optical_distortion']
BONE_CHANNELS_reduced_size__Size-512x512_Epoch-100_Images-4_Batch-1__random_7_operations_all.pth,random_7_operations,test,9,0.3322102874517441,0.9975357055664062,2023-05-04 09:14:37.262609,[None 'horizontal_flip' 'vertical_flip' 'rotation' 'transpose' 'elastic_transformation' 'grid_distortion' 'optical_distortion']
BONE_CHANNELS_reduced_size__Size-512x512_Epoch-100_Images-4_Batch-1__random_7_operations_all.pth,random_7_operations,train,10,0.24302126467227936,0.9960784912109375,2023-05-04 09:15:57.015878,[None 'horizontal_flip' 'vertical_flip' 'rotation' 'transpose' 'elastic_transformation' 'grid_distortion' 'optical_distortion']
BONE_CHANNELS_reduced_size__Size-512x512_Epoch-100_Images-4_Batch-1__random_7_operations_all.pth,random_7_operations,test,10,0.3058629333972931,0.9975357055664062,2023-05-04 09:15:57.015878,[None 'horizontal_flip' 'vertical_flip' 'rotation' 'transpose' 'elastic_transformation' 'grid_distortion' 'optical_distortion']
BONE_CHANNELS_reduced_size__Size-512x512_Epoch-100_Images-4_Batch-1__random_7_operations_all.pth,random_7_operations,train,11,0.227682676166296,0.9953432083129883,2023-05-04 09:17:15.878094,[None 'horizontal_flip' 'vertical_flip' 'rotation' 'transpose' 'elastic_transformation' 'grid_distortion' 'optical_distortion']
BONE_CHANNELS_reduced_size__Size-512x512_Epoch-100_Images-4_Batch-1__random_7_operations_all.pth,random_7_operations,test,11,0.2978372573852539,0.9975357055664062,2023-05-04 09:17:15.878094,[None 'horizontal_flip' 'vertical_flip' 'rotation' 'transpose' 'elastic_transformation' 'grid_distortion' 'optical_distortion']
BONE_CHANNELS_reduced_size__Size-512x512_Epoch-100_Images-4_Batch-1__random_7_operations_all.pth,random_7_operations,train,12,0.21528830379247665,0.9952383041381836,2023-05-04 09:18:34.408882,[None 'horizontal_flip' 'vertical_flip' 'rotation' 'transpose' 'elastic_transformation' 'grid_distortion' 'optical_distortion']
BONE_CHANNELS_reduced_size__Size-512x512_Epoch-100_Images-4_Batch-1__random_7_operations_all.pth,random_7_operations,test,12,0.28861844539642334,0.9975357055664062,2023-05-04 09:18:34.408882,[None 'horizontal_flip' 'vertical_flip' 'rotation' 'transpose' 'elastic_transformation' 'grid_distortion' 'optical_distortion']
BONE_CHANNELS_reduced_size__Size-512x512_Epoch-100_Images-4_Batch-1__random_7_operations_all.pth,random_7_operations,train,13,0.20245768502354622,0.9965715408325195,2023-05-04 09:19:54.167292,[None 'horizontal_flip' 'vertical_flip' 'rotation' 'transpose' 'elastic_transformation' 'grid_distortion' 'optical_distortion']
BONE_CHANNELS_reduced_size__Size-512x512_Epoch-100_Images-4_Batch-1__random_7_operations_all.pth,random_7_operations,test,13,0.2674459218978882,0.9975357055664062,2023-05-04 09:19:54.167292,[None 'horizontal_flip' 'vertical_flip' 'rotation' 'transpose' 'elastic_transformation' 'grid_distortion' 'optical_distortion']
BONE_CHANNELS_reduced_size__Size-512x512_Epoch-100_Images-4_Batch-1__random_7_operations_all.pth,random_7_operations,train,14,0.18870839476585388,0.9956350326538086,2023-05-04 09:21:13.933700,[None 'horizontal_flip' 'vertical_flip' 'rotation' 'transpose' 'elastic_transformation' 'grid_distortion' 'optical_distortion']
BONE_CHANNELS_reduced_size__Size-512x512_Epoch-100_Images-4_Batch-1__random_7_operations_all.pth,random_7_operations,test,14,0.259149432182312,0.9975357055664062,2023-05-04 09:21:13.933700,[None 'horizontal_flip' 'vertical_flip' 'rotation' 'transpose' 'elastic_transformation' 'grid_distortion' 'optical_distortion']
BONE_CHANNELS_reduced_size__Size-512x512_Epoch-100_Images-4_Batch-1__random_7_operations_all.pth,random_7_operations,train,15,0.17813824489712715,0.9948492050170898,2023-05-04 09:22:34.158459,[None 'horizontal_flip' 'vertical_flip' 'rotation' 'transpose' 'elastic_transformation' 'grid_distortion' 'optical_distortion']
BONE_CHANNELS_reduced_size__Size-512x512_Epoch-100_Images-4_Batch-1__random_7_operations_all.pth,random_7_operations,test,15,0.24557236582040787,0.9975357055664062,2023-05-04 09:22:34.158459,[None 'horizontal_flip' 'vertical_flip' 'rotation' 'transpose' 'elastic_transformation' 'grid_distortion' 'optical_distortion']
BONE_CHANNELS_reduced_size__Size-512x512_Epoch-100_Images-4_Batch-1__random_7_operations_all.pth,random_7_operations,train,16,0.17092524096369743,0.9943351745605469,2023-05-04 09:23:53.879752,[None 'horizontal_flip' 'vertical_flip' 'rotation' 'transpose' 'elastic_transformation' 'grid_distortion' 'optical_distortion']
BONE_CHANNELS_reduced_size__Size-512x512_Epoch-100_Images-4_Batch-1__random_7_operations_all.pth,random_7_operations,test,16,0.2367675080895424,0.9975357055664062,2023-05-04 09:23:53.879752,[None 'horizontal_flip' 'vertical_flip' 'rotation' 'transpose' 'elastic_transformation' 'grid_distortion' 'optical_distortion']
BONE_CHANNELS_reduced_size__Size-512x512_Epoch-100_Images-4_Batch-1__random_7_operations_all.pth,random_7_operations,train,17,0.1550130359828472,0.9960136413574219,2023-05-04 09:25:13.682150,[None 'horizontal_flip' 'vertical_flip' 'rotation' 'transpose' 'elastic_transformation' 'grid_distortion' 'optical_distortion']
BONE_CHANNELS_reduced_size__Size-512x512_Epoch-100_Images-4_Batch-1__random_7_operations_all.pth,random_7_operations,test,17,0.22918763011693954,0.9975357055664062,2023-05-04 09:25:13.682150,[None 'horizontal_flip' 'vertical_flip' 'rotation' 'transpose' 'elastic_transformation' 'grid_distortion' 'optical_distortion']
BONE_CHANNELS_reduced_size__Size-512x512_Epoch-100_Images-4_Batch-1__random_7_operations_all.pth,random_7_operations,train,18,0.14890911802649498,0.9955615997314453,2023-05-04 09:26:32.759769,[None 'horizontal_flip' 'vertical_flip' 'rotation' 'transpose' 'elastic_transformation' 'grid_distortion' 'optical_distortion']
BONE_CHANNELS_reduced_size__Size-512x512_Epoch-100_Images-4_Batch-1__random_7_operations_all.pth,random_7_operations,test,18,0.22468339651823044,0.9975357055664062,2023-05-04 09:26:32.759769,[None 'horizontal_flip' 'vertical_flip' 'rotation' 'transpose' 'elastic_transformation' 'grid_distortion' 'optical_distortion']
BONE_CHANNELS_reduced_size__Size-512x512_Epoch-100_Images-4_Batch-1__random_7_operations_all.pth,random_7_operations,train,19,0.14087878912687302,0.9960536956787109,2023-05-04 09:27:51.360535,[None 'horizontal_flip' 'vertical_flip' 'rotation' 'transpose' 'elastic_transformation' 'grid_distortion' 'optical_distortion']
BONE_CHANNELS_reduced_size__Size-512x512_Epoch-100_Images-4_Batch-1__random_7_operations_all.pth,random_7_operations,test,19,0.21516230702400208,0.9975357055664062,2023-05-04 09:27:51.360535,[None 'horizontal_flip' 'vertical_flip' 'rotation' 'transpose' 'elastic_transformation' 'grid_distortion' 'optical_distortion']
BONE_CHANNELS_reduced_size__Size-512x512_Epoch-100_Images-4_Batch-1__random_7_operations_all.pth,random_7_operations,train,20,0.13209804520010948,0.995762825012207,2023-05-04 09:29:10.271187,[None 'horizontal_flip' 'vertical_flip' 'rotation' 'transpose' 'elastic_transformation' 'grid_distortion' 'optical_distortion']
BONE_CHANNELS_reduced_size__Size-512x512_Epoch-100_Images-4_Batch-1__random_7_operations_all.pth,random_7_operations,test,20,0.2074400559067726,0.9975357055664062,2023-05-04 09:29:10.271187,[None 'horizontal_flip' 'vertical_flip' 'rotation' 'transpose' 'elastic_transformation' 'grid_distortion' 'optical_distortion']
BONE_CHANNELS_reduced_size__Size-512x512_Epoch-100_Images-4_Batch-1__random_7_operations_all.pth,random_7_operations,train,21,0.1291587222367525,0.9944601058959961,2023-05-04 09:30:28.248093,[None 'horizontal_flip' 'vertical_flip' 'rotation' 'transpose' 'elastic_transformation' 'grid_distortion' 'optical_distortion']
BONE_CHANNELS_reduced_size__Size-512x512_Epoch-100_Images-4_Batch-1__random_7_operations_all.pth,random_7_operations,test,21,0.20659465342760086,0.9975357055664062,2023-05-04 09:30:28.248093,[None 'horizontal_flip' 'vertical_flip' 'rotation' 'transpose' 'elastic_transformation' 'grid_distortion' 'optical_distortion']
BONE_CHANNELS_reduced_size__Size-512x512_Epoch-100_Images-4_Batch-1__random_7_operations_all.pth,random_7_operations,train,22,0.11913677863776684,0.9954185485839844,2023-05-04 09:31:45.581250,[None 'horizontal_flip' 'vertical_flip' 'rotation' 'transpose' 'elastic_transformation' 'grid_distortion' 'optical_distortion']
BONE_CHANNELS_reduced_size__Size-512x512_Epoch-100_Images-4_Batch-1__random_7_operations_all.pth,random_7_operations,test,22,0.2049194499850273,0.9975357055664062,2023-05-04 09:31:45.581250,[None 'horizontal_flip' 'vertical_flip' 'rotation' 'transpose' 'elastic_transformation' 'grid_distortion' 'optical_distortion']
BONE_CHANNELS_reduced_size__Size-512x512_Epoch-100_Images-4_Batch-1__random_7_operations_all.pth,random_7_operations,train,23,0.114366065710783,0.9954185485839844,2023-05-04 09:33:04.229004,[None 'horizontal_flip' 'vertical_flip' 'rotation' 'transpose' 'elastic_transformation' 'grid_distortion' 'optical_distortion']
BONE_CHANNELS_reduced_size__Size-512x512_Epoch-100_Images-4_Batch-1__random_7_operations_all.pth,random_7_operations,test,23,0.1927456110715866,0.9975357055664062,2023-05-04 09:33:04.229004,[None 'horizontal_flip' 'vertical_flip' 'rotation' 'transpose' 'elastic_transformation' 'grid_distortion' 'optical_distortion']
BONE_CHANNELS_reduced_size__Size-512x512_Epoch-100_Images-4_Batch-1__random_7_operations_all.pth,random_7_operations,train,24,0.10621059499680996,0.9959011077880859,2023-05-04 09:34:24.664205,[None 'horizontal_flip' 'vertical_flip' 'rotation' 'transpose' 'elastic_transformation' 'grid_distortion' 'optical_distortion']
BONE_CHANNELS_reduced_size__Size-512x512_Epoch-100_Images-4_Batch-1__random_7_operations_all.pth,random_7_operations,test,24,0.1895914450287819,0.9975357055664062,2023-05-04 09:34:24.664205,[None 'horizontal_flip' 'vertical_flip' 'rotation' 'transpose' 'elastic_transformation' 'grid_distortion' 'optical_distortion']
BONE_CHANNELS_reduced_size__Size-512x512_Epoch-100_Images-4_Batch-1__random_7_operations_all.pth,random_7_operations,train,25,0.1017303504049778,0.9952230453491211,2023-05-04 09:35:44.684768,[None 'horizontal_flip' 'vertical_flip' 'rotation' 'transpose' 'elastic_transformation' 'grid_distortion' 'optical_distortion']
BONE_CHANNELS_reduced_size__Size-512x512_Epoch-100_Images-4_Batch-1__random_7_operations_all.pth,random_7_operations,test,25,0.18015411496162415,0.9975357055664062,2023-05-04 09:35:44.684768,[None 'horizontal_flip' 'vertical_flip' 'rotation' 'transpose' 'elastic_transformation' 'grid_distortion' 'optical_distortion']
BONE_CHANNELS_reduced_size__Size-512x512_Epoch-100_Images-4_Batch-1__random_7_operations_all.pth,random_7_operations,train,26,0.09948735684156418,0.9962663650512695,2023-05-04 09:37:04.683499,[None 'horizontal_flip' 'vertical_flip' 'rotation' 'transpose' 'elastic_transformation' 'grid_distortion' 'optical_distortion']
BONE_CHANNELS_reduced_size__Size-512x512_Epoch-100_Images-4_Batch-1__random_7_operations_all.pth,random_7_operations,test,26,0.1781344935297966,0.9975357055664062,2023-05-04 09:37:04.683499,[None 'horizontal_flip' 'vertical_flip' 'rotation' 'transpose' 'elastic_transformation' 'grid_distortion' 'optical_distortion']
BONE_CHANNELS_reduced_size__Size-512x512_Epoch-100_Images-4_Batch-1__random_7_operations_all.pth,random_7_operations,train,27,0.09367911331355572,0.9952716827392578,2023-05-04 09:38:23.358245,[None 'horizontal_flip' 'vertical_flip' 'rotation' 'transpose' 'elastic_transformation' 'grid_distortion' 'optical_distortion']
BONE_CHANNELS_reduced_size__Size-512x512_Epoch-100_Images-4_Batch-1__random_7_operations_all.pth,random_7_operations,test,27,0.17741142213344574,0.9975357055664062,2023-05-04 09:38:23.358245,[None 'horizontal_flip' 'vertical_flip' 'rotation' 'transpose' 'elastic_transformation' 'grid_distortion' 'optical_distortion']
BONE_CHANNELS_reduced_size__Size-512x512_Epoch-100_Images-4_Batch-1__random_7_operations_all.pth,random_7_operations,train,28,0.08886870183050632,0.9956436157226562,2023-05-04 09:39:42.261917,[None 'horizontal_flip' 'vertical_flip' 'rotation' 'transpose' 'elastic_transformation' 'grid_distortion' 'optical_distortion']
BONE_CHANNELS_reduced_size__Size-512x512_Epoch-100_Images-4_Batch-1__random_7_operations_all.pth,random_7_operations,test,28,0.17719603329896927,0.9975357055664062,2023-05-04 09:39:42.261917,[None 'horizontal_flip' 'vertical_flip' 'rotation' 'transpose' 'elastic_transformation' 'grid_distortion' 'optical_distortion']
BONE_CHANNELS_reduced_size__Size-512x512_Epoch-100_Images-4_Batch-1__random_7_operations_all.pth,random_7_operations,train,29,0.08421286940574646,0.9959268569946289,2023-05-04 09:41:00.947658,[None 'horizontal_flip' 'vertical_flip' 'rotation' 'transpose' 'elastic_transformation' 'grid_distortion' 'optical_distortion']
BONE_CHANNELS_reduced_size__Size-512x512_Epoch-100_Images-4_Batch-1__random_7_operations_all.pth,random_7_operations,test,29,0.1777680292725563,0.9975357055664062,2023-05-04 09:41:00.947658,[None 'horizontal_flip' 'vertical_flip' 'rotation' 'transpose' 'elastic_transformation' 'grid_distortion' 'optical_distortion']
BONE_CHANNELS_reduced_size__Size-512x512_Epoch-100_Images-4_Batch-1__random_7_operations_all.pth,random_7_operations,train,30,0.0856415294110775,0.995121955871582,2023-05-04 09:42:20.812227,[None 'horizontal_flip' 'vertical_flip' 'rotation' 'transpose' 'elastic_transformation' 'grid_distortion' 'optical_distortion']
BONE_CHANNELS_reduced_size__Size-512x512_Epoch-100_Images-4_Batch-1__random_7_operations_all.pth,random_7_operations,test,30,0.1774114966392517,0.9975357055664062,2023-05-04 09:42:20.812227,[None 'horizontal_flip' 'vertical_flip' 'rotation' 'transpose' 'elastic_transformation' 'grid_distortion' 'optical_distortion']
BONE_CHANNELS_reduced_size__Size-512x512_Epoch-100_Images-4_Batch-1__random_7_operations_all.pth,random_7_operations,train,31,0.07712837867438793,0.9959573745727539,2023-05-04 09:43:40.177747,[None 'horizontal_flip' 'vertical_flip' 'rotation' 'transpose' 'elastic_transformation' 'grid_distortion' 'optical_distortion']
BONE_CHANNELS_reduced_size__Size-512x512_Epoch-100_Images-4_Batch-1__random_7_operations_all.pth,random_7_operations,test,31,0.1709555834531784,0.9975357055664062,2023-05-04 09:43:40.177747,[None 'horizontal_flip' 'vertical_flip' 'rotation' 'transpose' 'elastic_transformation' 'grid_distortion' 'optical_distortion']
BONE_CHANNELS_reduced_size__Size-512x512_Epoch-100_Images-4_Batch-1__random_7_operations_all.pth,random_7_operations,train,32,0.07502797432243824,0.9953622817993164,2023-05-04 09:44:59.315349,[None 'horizontal_flip' 'vertical_flip' 'rotation' 'transpose' 'elastic_transformation' 'grid_distortion' 'optical_distortion']
BONE_CHANNELS_reduced_size__Size-512x512_Epoch-100_Images-4_Batch-1__random_7_operations_all.pth,random_7_operations,test,32,0.17133715748786926,0.9975357055664062,2023-05-04 09:44:59.315349,[None 'horizontal_flip' 'vertical_flip' 'rotation' 'transpose' 'elastic_transformation' 'grid_distortion' 'optical_distortion']
BONE_CHANNELS_reduced_size__Size-512x512_Epoch-100_Images-4_Batch-1__random_7_operations_all.pth,random_7_operations,train,33,0.07693754136562347,0.9940176010131836,2023-05-04 09:46:16.618516,[None 'horizontal_flip' 'vertical_flip' 'rotation' 'transpose' 'elastic_transformation' 'grid_distortion' 'optical_distortion']
BONE_CHANNELS_reduced_size__Size-512x512_Epoch-100_Images-4_Batch-1__random_7_operations_all.pth,random_7_operations,test,33,0.17129547894001007,0.9975357055664062,2023-05-04 09:46:16.618516,[None 'horizontal_flip' 'vertical_flip' 'rotation' 'transpose' 'elastic_transformation' 'grid_distortion' 'optical_distortion']
BONE_CHANNELS_reduced_size__Size-512x512_Epoch-100_Images-4_Batch-1__random_7_operations_all.pth,random_7_operations,train,34,0.07212662696838379,0.9944839477539062,2023-05-04 09:47:34.340555,[None 'horizontal_flip' 'vertical_flip' 'rotation' 'transpose' 'elastic_transformation' 'grid_distortion' 'optical_distortion']
BONE_CHANNELS_reduced_size__Size-512x512_Epoch-100_Images-4_Batch-1__random_7_operations_all.pth,random_7_operations,test,34,0.17111372202634811,0.9975357055664062,2023-05-04 09:47:34.340555,[None 'horizontal_flip' 'vertical_flip' 'rotation' 'transpose' 'elastic_transformation' 'grid_distortion' 'optical_distortion']
BONE_CHANNELS_reduced_size__Size-512x512_Epoch-100_Images-4_Batch-1__random_7_operations_all.pth,random_7_operations,train,35,0.06560258846729994,0.9955158233642578,2023-05-04 09:48:54.579215,[None 'horizontal_flip' 'vertical_flip' 'rotation' 'transpose' 'elastic_transformation' 'grid_distortion' 'optical_distortion']
BONE_CHANNELS_reduced_size__Size-512x512_Epoch-100_Images-4_Batch-1__random_7_operations_all.pth,random_7_operations,test,35,0.16017203778028488,0.9975357055664062,2023-05-04 09:48:54.579215,[None 'horizontal_flip' 'vertical_flip' 'rotation' 'transpose' 'elastic_transformation' 'grid_distortion' 'optical_distortion']
BONE_CHANNELS_reduced_size__Size-512x512_Epoch-100_Images-4_Batch-1__random_7_operations_all.pth,random_7_operations,train,36,0.06863259337842464,0.9937028884887695,2023-05-04 09:50:13.622847,[None 'horizontal_flip' 'vertical_flip' 'rotation' 'transpose' 'elastic_transformation' 'grid_distortion' 'optical_distortion']
BONE_CHANNELS_reduced_size__Size-512x512_Epoch-100_Images-4_Batch-1__random_7_operations_all.pth,random_7_operations,test,36,0.1526118591427803,0.9975357055664062,2023-05-04 09:50:13.623846,[None 'horizontal_flip' 'vertical_flip' 'rotation' 'transpose' 'elastic_transformation' 'grid_distortion' 'optical_distortion']
BONE_CHANNELS_reduced_size__Size-512x512_Epoch-100_Images-4_Batch-1__random_7_operations_all.pth,random_7_operations,train,37,0.061422874219715595,0.9955778121948242,2023-05-04 09:51:32.833425,[None 'horizontal_flip' 'vertical_flip' 'rotation' 'transpose' 'elastic_transformation' 'grid_distortion' 'optical_distortion']
BONE_CHANNELS_reduced_size__Size-512x512_Epoch-100_Images-4_Batch-1__random_7_operations_all.pth,random_7_operations,test,37,0.14516093581914902,0.9975357055664062,2023-05-04 09:51:32.833425,[None 'horizontal_flip' 'vertical_flip' 'rotation' 'transpose' 'elastic_transformation' 'grid_distortion' 'optical_distortion']
BONE_CHANNELS_reduced_size__Size-512x512_Epoch-100_Images-4_Batch-1__random_7_operations_all.pth,random_7_operations,train,38,0.06180714629590511,0.9945802688598633,2023-05-04 09:52:52.191959,[None 'horizontal_flip' 'vertical_flip' 'rotation' 'transpose' 'elastic_transformation' 'grid_distortion' 'optical_distortion']
BONE_CHANNELS_reduced_size__Size-512x512_Epoch-100_Images-4_Batch-1__random_7_operations_all.pth,random_7_operations,test,38,0.14012958854436874,0.9975357055664062,2023-05-04 09:52:52.191959,[None 'horizontal_flip' 'vertical_flip' 'rotation' 'transpose' 'elastic_transformation' 'grid_distortion' 'optical_distortion']
BONE_CHANNELS_reduced_size__Size-512x512_Epoch-100_Images-4_Batch-1__random_7_operations_all.pth,random_7_operations,train,39,0.06595302745699883,0.993494987487793,2023-05-04 09:54:10.941681,[None 'horizontal_flip' 'vertical_flip' 'rotation' 'transpose' 'elastic_transformation' 'grid_distortion' 'optical_distortion']
BONE_CHANNELS_reduced_size__Size-512x512_Epoch-100_Images-4_Batch-1__random_7_operations_all.pth,random_7_operations,test,39,0.1437700018286705,0.9975357055664062,2023-05-04 09:54:10.941681,[None 'horizontal_flip' 'vertical_flip' 'rotation' 'transpose' 'elastic_transformation' 'grid_distortion' 'optical_distortion']
BONE_CHANNELS_reduced_size__Size-512x512_Epoch-100_Images-4_Batch-1__random_7_operations_all.pth,random_7_operations,train,40,0.054329345934093,0.996037483215332,2023-05-04 09:55:31.354389,[None 'horizontal_flip' 'vertical_flip' 'rotation' 'transpose' 'elastic_transformation' 'grid_distortion' 'optical_distortion']
BONE_CHANNELS_reduced_size__Size-512x512_Epoch-100_Images-4_Batch-1__random_7_operations_all.pth,random_7_operations,test,40,0.13868477195501328,0.9975357055664062,2023-05-04 09:55:31.354389,[None 'horizontal_flip' 'vertical_flip' 'rotation' 'transpose' 'elastic_transformation' 'grid_distortion' 'optical_distortion']
BONE_CHANNELS_reduced_size__Size-512x512_Epoch-100_Images-4_Batch-1__random_7_operations_all.pth,random_7_operations,train,41,0.052465273067355156,0.9958667755126953,2023-05-04 09:56:49.908170,[None 'horizontal_flip' 'vertical_flip' 'rotation' 'transpose' 'elastic_transformation' 'grid_distortion' 'optical_distortion']
BONE_CHANNELS_reduced_size__Size-512x512_Epoch-100_Images-4_Batch-1__random_7_operations_all.pth,random_7_operations,test,41,0.1422867625951767,0.9975357055664062,2023-05-04 09:56:49.908170,[None 'horizontal_flip' 'vertical_flip' 'rotation' 'transpose' 'elastic_transformation' 'grid_distortion' 'optical_distortion']
BONE_CHANNELS_reduced_size__Size-512x512_Epoch-100_Images-4_Batch-1__random_7_operations_all.pth,random_7_operations,train,42,0.05067850276827812,0.9960603713989258,2023-05-04 09:58:09.506629,[None 'horizontal_flip' 'vertical_flip' 'rotation' 'transpose' 'elastic_transformation' 'grid_distortion' 'optical_distortion']
BONE_CHANNELS_reduced_size__Size-512x512_Epoch-100_Images-4_Batch-1__random_7_operations_all.pth,random_7_operations,test,42,0.1366308480501175,0.9975357055664062,2023-05-04 09:58:09.506629,[None 'horizontal_flip' 'vertical_flip' 'rotation' 'transpose' 'elastic_transformation' 'grid_distortion' 'optical_distortion']
BONE_CHANNELS_reduced_size__Size-512x512_Epoch-100_Images-4_Batch-1__random_7_operations_all.pth,random_7_operations,train,43,0.052745651453733444,0.9949684143066406,2023-05-04 09:59:28.384312,[None 'horizontal_flip' 'vertical_flip' 'rotation' 'transpose' 'elastic_transformation' 'grid_distortion' 'optical_distortion']
BONE_CHANNELS_reduced_size__Size-512x512_Epoch-100_Images-4_Batch-1__random_7_operations_all.pth,random_7_operations,test,43,0.13287398219108582,0.9975357055664062,2023-05-04 09:59:28.384312,[None 'horizontal_flip' 'vertical_flip' 'rotation' 'transpose' 'elastic_transformation' 'grid_distortion' 'optical_distortion']
BONE_CHANNELS_reduced_size__Size-512x512_Epoch-100_Images-4_Batch-1__random_7_operations_all.pth,random_7_operations,train,44,0.05487500596791506,0.9936113357543945,2023-05-04 10:00:47.627881,[None 'horizontal_flip' 'vertical_flip' 'rotation' 'transpose' 'elastic_transformation' 'grid_distortion' 'optical_distortion']
BONE_CHANNELS_reduced_size__Size-512x512_Epoch-100_Images-4_Batch-1__random_7_operations_all.pth,random_7_operations,test,44,0.12691038101911545,0.9975357055664062,2023-05-04 10:00:47.627881,[None 'horizontal_flip' 'vertical_flip' 'rotation' 'transpose' 'elastic_transformation' 'grid_distortion' 'optical_distortion']
BONE_CHANNELS_reduced_size__Size-512x512_Epoch-100_Images-4_Batch-1__random_7_operations_all.pth,random_7_operations,train,45,0.04738257545977831,0.9956941604614258,2023-05-04 10:02:07.591669,[None 'horizontal_flip' 'vertical_flip' 'rotation' 'transpose' 'elastic_transformation' 'grid_distortion' 'optical_distortion']
BONE_CHANNELS_reduced_size__Size-512x512_Epoch-100_Images-4_Batch-1__random_7_operations_all.pth,random_7_operations,test,45,0.13297925144433975,0.9975357055664062,2023-05-04 10:02:07.592670,[None 'horizontal_flip' 'vertical_flip' 'rotation' 'transpose' 'elastic_transformation' 'grid_distortion' 'optical_distortion']
BONE_CHANNELS_reduced_size__Size-512x512_Epoch-100_Images-4_Batch-1__random_7_operations_all.pth,random_7_operations,train,46,0.044754402711987495,0.996220588684082,2023-05-04 10:03:27.809937,[None 'horizontal_flip' 'vertical_flip' 'rotation' 'transpose' 'elastic_transformation' 'grid_distortion' 'optical_distortion']
BONE_CHANNELS_reduced_size__Size-512x512_Epoch-100_Images-4_Batch-1__random_7_operations_all.pth,random_7_operations,test,46,0.1247418150305748,0.9975357055664062,2023-05-04 10:03:27.809937,[None 'horizontal_flip' 'vertical_flip' 'rotation' 'transpose' 'elastic_transformation' 'grid_distortion' 'optical_distortion']
BONE_CHANNELS_reduced_size__Size-512x512_Epoch-100_Images-4_Batch-1__random_7_operations_all.pth,random_7_operations,train,47,0.04556035157293081,0.9954280853271484,2023-05-04 10:04:45.123102,[None 'horizontal_flip' 'vertical_flip' 'rotation' 'transpose' 'elastic_transformation' 'grid_distortion' 'optical_distortion']
BONE_CHANNELS_reduced_size__Size-512x512_Epoch-100_Images-4_Batch-1__random_7_operations_all.pth,random_7_operations,test,47,0.12637020647525787,0.9975357055664062,2023-05-04 10:04:45.123102,[None 'horizontal_flip' 'vertical_flip' 'rotation' 'transpose' 'elastic_transformation' 'grid_distortion' 'optical_distortion']
BONE_CHANNELS_reduced_size__Size-512x512_Epoch-100_Images-4_Batch-1__random_7_operations_all.pth,random_7_operations,train,48,0.04504428617656231,0.9953098297119141,2023-05-04 10:06:02.851137,[None 'horizontal_flip' 'vertical_flip' 'rotation' 'transpose' 'elastic_transformation' 'grid_distortion' 'optical_distortion']
BONE_CHANNELS_reduced_size__Size-512x512_Epoch-100_Images-4_Batch-1__random_7_operations_all.pth,random_7_operations,test,48,0.111170444637537,0.9975357055664062,2023-05-04 10:06:02.851137,[None 'horizontal_flip' 'vertical_flip' 'rotation' 'transpose' 'elastic_transformation' 'grid_distortion' 'optical_distortion']
BONE_CHANNELS_reduced_size__Size-512x512_Epoch-100_Images-4_Batch-1__random_7_operations_all.pth,random_7_operations,train,49,0.051419355906546116,0.993377685546875,2023-05-04 10:07:21.344939,[None 'horizontal_flip' 'vertical_flip' 'rotation' 'transpose' 'elastic_transformation' 'grid_distortion' 'optical_distortion']
BONE_CHANNELS_reduced_size__Size-512x512_Epoch-100_Images-4_Batch-1__random_7_operations_all.pth,random_7_operations,test,49,0.11424745246767998,0.9975357055664062,2023-05-04 10:07:21.344939,[None 'horizontal_flip' 'vertical_flip' 'rotation' 'transpose' 'elastic_transformation' 'grid_distortion' 'optical_distortion']
BONE_CHANNELS_reduced_size__Size-512x512_Epoch-100_Images-4_Batch-1__random_7_operations_all.pth,random_7_operations,train,50,0.04545916710048914,0.9946765899658203,2023-05-04 10:08:41.355615,[None 'horizontal_flip' 'vertical_flip' 'rotation' 'transpose' 'elastic_transformation' 'grid_distortion' 'optical_distortion']
BONE_CHANNELS_reduced_size__Size-512x512_Epoch-100_Images-4_Batch-1__random_7_operations_all.pth,random_7_operations,test,50,0.11392836645245552,0.9975357055664062,2023-05-04 10:08:41.356615,[None 'horizontal_flip' 'vertical_flip' 'rotation' 'transpose' 'elastic_transformation' 'grid_distortion' 'optical_distortion']
BONE_CHANNELS_reduced_size__Size-512x512_Epoch-100_Images-4_Batch-1__random_7_operations_all.pth,random_7_operations,train,51,0.04476745333522558,0.9943580627441406,2023-05-04 10:10:00.738900,[None 'horizontal_flip' 'vertical_flip' 'rotation' 'transpose' 'elastic_transformation' 'grid_distortion' 'optical_distortion']
BONE_CHANNELS_reduced_size__Size-512x512_Epoch-100_Images-4_Batch-1__random_7_operations_all.pth,random_7_operations,test,51,0.11189369857311249,0.9975357055664062,2023-05-04 10:10:00.738900,[None 'horizontal_flip' 'vertical_flip' 'rotation' 'transpose' 'elastic_transformation' 'grid_distortion' 'optical_distortion']
BONE_CHANNELS_reduced_size__Size-512x512_Epoch-100_Images-4_Batch-1__random_7_operations_all.pth,random_7_operations,train,52,0.04232600424438715,0.9947681427001953,2023-05-04 10:11:19.185715,[None 'horizontal_flip' 'vertical_flip' 'rotation' 'transpose' 'elastic_transformation' 'grid_distortion' 'optical_distortion']
BONE_CHANNELS_reduced_size__Size-512x512_Epoch-100_Images-4_Batch-1__random_7_operations_all.pth,random_7_operations,test,52,0.10472096130251884,0.9975357055664062,2023-05-04 10:11:19.185715,[None 'horizontal_flip' 'vertical_flip' 'rotation' 'transpose' 'elastic_transformation' 'grid_distortion' 'optical_distortion']
BONE_CHANNELS_reduced_size__Size-512x512_Epoch-100_Images-4_Batch-1__random_7_operations_all.pth,random_7_operations,train,53,0.03893051669001579,0.9955644607543945,2023-05-04 10:12:38.422285,[None 'horizontal_flip' 'vertical_flip' 'rotation' 'transpose' 'elastic_transformation' 'grid_distortion' 'optical_distortion']
BONE_CHANNELS_reduced_size__Size-512x512_Epoch-100_Images-4_Batch-1__random_7_operations_all.pth,random_7_operations,test,53,0.09978577494621277,0.9975357055664062,2023-05-04 10:12:38.422285,[None 'horizontal_flip' 'vertical_flip' 'rotation' 'transpose' 'elastic_transformation' 'grid_distortion' 'optical_distortion']
BONE_CHANNELS_reduced_size__Size-512x512_Epoch-100_Images-4_Batch-1__random_7_operations_all.pth,random_7_operations,train,54,0.03716452419757843,0.9959907531738281,2023-05-04 10:13:58.032741,[None 'horizontal_flip' 'vertical_flip' 'rotation' 'transpose' 'elastic_transformation' 'grid_distortion' 'optical_distortion']
BONE_CHANNELS_reduced_size__Size-512x512_Epoch-100_Images-4_Batch-1__random_7_operations_all.pth,random_7_operations,test,54,0.10537455230951309,0.9975357055664062,2023-05-04 10:13:58.032741,[None 'horizontal_flip' 'vertical_flip' 'rotation' 'transpose' 'elastic_transformation' 'grid_distortion' 'optical_distortion']
BONE_CHANNELS_reduced_size__Size-512x512_Epoch-100_Images-4_Batch-1__random_7_operations_all.pth,random_7_operations,train,55,0.04067050479352474,0.9946050643920898,2023-05-04 10:15:17.736143,[None 'horizontal_flip' 'vertical_flip' 'rotation' 'transpose' 'elastic_transformation' 'grid_distortion' 'optical_distortion']
BONE_CHANNELS_reduced_size__Size-512x512_Epoch-100_Images-4_Batch-1__random_7_operations_all.pth,random_7_operations,test,55,0.09926220774650574,0.9975357055664062,2023-05-04 10:15:17.736143,[None 'horizontal_flip' 'vertical_flip' 'rotation' 'transpose' 'elastic_transformation' 'grid_distortion' 'optical_distortion']
BONE_CHANNELS_reduced_size__Size-512x512_Epoch-100_Images-4_Batch-1__random_7_operations_all.pth,random_7_operations,train,56,0.03340122802183032,0.9964895248413086,2023-05-04 10:16:36.209949,[None 'horizontal_flip' 'vertical_flip' 'rotation' 'transpose' 'elastic_transformation' 'grid_distortion' 'optical_distortion']
BONE_CHANNELS_reduced_size__Size-512x512_Epoch-100_Images-4_Batch-1__random_7_operations_all.pth,random_7_operations,test,56,0.09575821831822395,0.9975357055664062,2023-05-04 10:16:36.209949,[None 'horizontal_flip' 'vertical_flip' 'rotation' 'transpose' 'elastic_transformation' 'grid_distortion' 'optical_distortion']
BONE_CHANNELS_reduced_size__Size-512x512_Epoch-100_Images-4_Batch-1__random_7_operations_all.pth,random_7_operations,train,57,0.03468448808416724,0.9955558776855469,2023-05-04 10:17:55.635460,[None 'horizontal_flip' 'vertical_flip' 'rotation' 'transpose' 'elastic_transformation' 'grid_distortion' 'optical_distortion']
BONE_CHANNELS_reduced_size__Size-512x512_Epoch-100_Images-4_Batch-1__random_7_operations_all.pth,random_7_operations,test,57,0.09331382438540459,0.9975357055664062,2023-05-04 10:17:55.635460,[None 'horizontal_flip' 'vertical_flip' 'rotation' 'transpose' 'elastic_transformation' 'grid_distortion' 'optical_distortion']
BONE_CHANNELS_reduced_size__Size-512x512_Epoch-100_Images-4_Batch-1__random_7_operations_all.pth,random_7_operations,train,58,0.036417114082723856,0.9953775405883789,2023-05-04 10:19:15.789750,[None 'horizontal_flip' 'vertical_flip' 'rotation' 'transpose' 'elastic_transformation' 'grid_distortion' 'optical_distortion']
BONE_CHANNELS_reduced_size__Size-512x512_Epoch-100_Images-4_Batch-1__random_7_operations_all.pth,random_7_operations,test,58,0.0904039591550827,0.9975357055664062,2023-05-04 10:19:15.789750,[None 'horizontal_flip' 'vertical_flip' 'rotation' 'transpose' 'elastic_transformation' 'grid_distortion' 'optical_distortion']
BONE_CHANNELS_reduced_size__Size-512x512_Epoch-100_Images-4_Batch-1__random_7_operations_all.pth,random_7_operations,train,59,0.034406823106110096,0.9954948425292969,2023-05-04 10:20:34.826381,[None 'horizontal_flip' 'vertical_flip' 'rotation' 'transpose' 'elastic_transformation' 'grid_distortion' 'optical_distortion']
BONE_CHANNELS_reduced_size__Size-512x512_Epoch-100_Images-4_Batch-1__random_7_operations_all.pth,random_7_operations,test,59,0.09206271171569824,0.9975357055664062,2023-05-04 10:20:34.826381,[None 'horizontal_flip' 'vertical_flip' 'rotation' 'transpose' 'elastic_transformation' 'grid_distortion' 'optical_distortion']
BONE_CHANNELS_reduced_size__Size-512x512_Epoch-100_Images-4_Batch-1__random_7_operations_all.pth,random_7_operations,train,60,0.034169732592999935,0.995274543762207,2023-05-04 10:21:52.772601,[None 'horizontal_flip' 'vertical_flip' 'rotation' 'transpose' 'elastic_transformation' 'grid_distortion' 'optical_distortion']
BONE_CHANNELS_reduced_size__Size-512x512_Epoch-100_Images-4_Batch-1__random_7_operations_all.pth,random_7_operations,test,60,0.08827803283929825,0.9975357055664062,2023-05-04 10:21:52.773601,[None 'horizontal_flip' 'vertical_flip' 'rotation' 'transpose' 'elastic_transformation' 'grid_distortion' 'optical_distortion']
BONE_CHANNELS_reduced_size__Size-512x512_Epoch-100_Images-4_Batch-1__random_7_operations_all.pth,random_7_operations,train,61,0.03384306328371167,0.9953804016113281,2023-05-04 10:23:10.455345,[None 'horizontal_flip' 'vertical_flip' 'rotation' 'transpose' 'elastic_transformation' 'grid_distortion' 'optical_distortion']
BONE_CHANNELS_reduced_size__Size-512x512_Epoch-100_Images-4_Batch-1__random_7_operations_all.pth,random_7_operations,test,61,0.08645454794168472,0.9975357055664062,2023-05-04 10:23:10.455345,[None 'horizontal_flip' 'vertical_flip' 'rotation' 'transpose' 'elastic_transformation' 'grid_distortion' 'optical_distortion']
BONE_CHANNELS_reduced_size__Size-512x512_Epoch-100_Images-4_Batch-1__random_7_operations_all.pth,random_7_operations,train,62,0.032881482038646936,0.9955291748046875,2023-05-04 10:24:27.264665,[None 'horizontal_flip' 'vertical_flip' 'rotation' 'transpose' 'elastic_transformation' 'grid_distortion' 'optical_distortion']
BONE_CHANNELS_reduced_size__Size-512x512_Epoch-100_Images-4_Batch-1__random_7_operations_all.pth,random_7_operations,test,62,0.08403386175632477,0.9975357055664062,2023-05-04 10:24:27.264665,[None 'horizontal_flip' 'vertical_flip' 'rotation' 'transpose' 'elastic_transformation' 'grid_distortion' 'optical_distortion']
BONE_CHANNELS_reduced_size__Size-512x512_Epoch-100_Images-4_Batch-1__random_7_operations_all.pth,random_7_operations,train,63,0.03274488728493452,0.9953641891479492,2023-05-04 10:25:46.355282,[None 'horizontal_flip' 'vertical_flip' 'rotation' 'transpose' 'elastic_transformation' 'grid_distortion' 'optical_distortion']
BONE_CHANNELS_reduced_size__Size-512x512_Epoch-100_Images-4_Batch-1__random_7_operations_all.pth,random_7_operations,test,63,0.08259595558047295,0.9975357055664062,2023-05-04 10:25:46.355282,[None 'horizontal_flip' 'vertical_flip' 'rotation' 'transpose' 'elastic_transformation' 'grid_distortion' 'optical_distortion']
BONE_CHANNELS_reduced_size__Size-512x512_Epoch-100_Images-4_Batch-1__random_7_operations_all.pth,random_7_operations,train,64,0.030192309990525246,0.9958353042602539,2023-05-04 10:27:05.628841,[None 'horizontal_flip' 'vertical_flip' 'rotation' 'transpose' 'elastic_transformation' 'grid_distortion' 'optical_distortion']
BONE_CHANNELS_reduced_size__Size-512x512_Epoch-100_Images-4_Batch-1__random_7_operations_all.pth,random_7_operations,test,64,0.08713831007480621,0.9975357055664062,2023-05-04 10:27:05.628841,[None 'horizontal_flip' 'vertical_flip' 'rotation' 'transpose' 'elastic_transformation' 'grid_distortion' 'optical_distortion']
BONE_CHANNELS_reduced_size__Size-512x512_Epoch-100_Images-4_Batch-1__random_7_operations_all.pth,random_7_operations,train,65,0.034140517469495535,0.9946680068969727,2023-05-04 10:28:24.983013,[None 'horizontal_flip' 'vertical_flip' 'rotation' 'transpose' 'elastic_transformation' 'grid_distortion' 'optical_distortion']
BONE_CHANNELS_reduced_size__Size-512x512_Epoch-100_Images-4_Batch-1__random_7_operations_all.pth,random_7_operations,test,65,0.0797402486205101,0.9975357055664062,2023-05-04 10:28:24.984010,[None 'horizontal_flip' 'vertical_flip' 'rotation' 'transpose' 'elastic_transformation' 'grid_distortion' 'optical_distortion']
BONE_CHANNELS_reduced_size__Size-512x512_Epoch-100_Images-4_Batch-1__random_7_operations_all.pth,random_7_operations,train,66,0.036550735123455524,0.9939804077148438,2023-05-04 10:29:43.815178,[None 'horizontal_flip' 'vertical_flip' 'rotation' 'transpose' 'elastic_transformation' 'grid_distortion' 'optical_distortion']
BONE_CHANNELS_reduced_size__Size-512x512_Epoch-100_Images-4_Batch-1__random_7_operations_all.pth,random_7_operations,test,66,0.08841990679502487,0.9975357055664062,2023-05-04 10:29:43.815178,[None 'horizontal_flip' 'vertical_flip' 'rotation' 'transpose' 'elastic_transformation' 'grid_distortion' 'optical_distortion']
BONE_CHANNELS_reduced_size__Size-512x512_Epoch-100_Images-4_Batch-1__random_7_operations_all.pth,random_7_operations,train,67,0.039095835760235786,0.9932212829589844,2023-05-04 10:31:02.744844,[None 'horizontal_flip' 'vertical_flip' 'rotation' 'transpose' 'elastic_transformation' 'grid_distortion' 'optical_distortion']
BONE_CHANNELS_reduced_size__Size-512x512_Epoch-100_Images-4_Batch-1__random_7_operations_all.pth,random_7_operations,test,67,0.08381646499037743,0.9975357055664062,2023-05-04 10:31:02.744844,[None 'horizontal_flip' 'vertical_flip' 'rotation' 'transpose' 'elastic_transformation' 'grid_distortion' 'optical_distortion']
BONE_CHANNELS_reduced_size__Size-512x512_Epoch-100_Images-4_Batch-1__random_7_operations_all.pth,random_7_operations,train,68,0.028947210405021906,0.9954805374145508,2023-05-04 10:32:21.392598,[None 'horizontal_flip' 'vertical_flip' 'rotation' 'transpose' 'elastic_transformation' 'grid_distortion' 'optical_distortion']
BONE_CHANNELS_reduced_size__Size-512x512_Epoch-100_Images-4_Batch-1__random_7_operations_all.pth,random_7_operations,test,68,0.09424253180623055,0.9975357055664062,2023-05-04 10:32:21.392598,[None 'horizontal_flip' 'vertical_flip' 'rotation' 'transpose' 'elastic_transformation' 'grid_distortion' 'optical_distortion']
BONE_CHANNELS_reduced_size__Size-512x512_Epoch-100_Images-4_Batch-1__random_7_operations_all.pth,random_7_operations,train,69,0.031983040273189545,0.9948148727416992,2023-05-04 10:33:42.165371,[None 'horizontal_flip' 'vertical_flip' 'rotation' 'transpose' 'elastic_transformation' 'grid_distortion' 'optical_distortion']
BONE_CHANNELS_reduced_size__Size-512x512_Epoch-100_Images-4_Batch-1__random_7_operations_all.pth,random_7_operations,test,69,0.08024068921804428,0.9975357055664062,2023-05-04 10:33:42.165371,[None 'horizontal_flip' 'vertical_flip' 'rotation' 'transpose' 'elastic_transformation' 'grid_distortion' 'optical_distortion']
BONE_CHANNELS_reduced_size__Size-512x512_Epoch-100_Images-4_Batch-1__random_7_operations_all.pth,random_7_operations,train,70,0.029321349691599607,0.9953985214233398,2023-05-04 10:35:02.300503,[None 'horizontal_flip' 'vertical_flip' 'rotation' 'transpose' 'elastic_transformation' 'grid_distortion' 'optical_distortion']
BONE_CHANNELS_reduced_size__Size-512x512_Epoch-100_Images-4_Batch-1__random_7_operations_all.pth,random_7_operations,test,70,0.07359375432133675,0.9975357055664062,2023-05-04 10:35:02.300503,[None 'horizontal_flip' 'vertical_flip' 'rotation' 'transpose' 'elastic_transformation' 'grid_distortion' 'optical_distortion']
BONE_CHANNELS_reduced_size__Size-512x512_Epoch-100_Images-4_Batch-1__random_7_operations_all.pth,random_7_operations,train,71,0.03620942262932658,0.9936361312866211,2023-05-04 10:36:20.782306,[None 'horizontal_flip' 'vertical_flip' 'rotation' 'transpose' 'elastic_transformation' 'grid_distortion' 'optical_distortion']
BONE_CHANNELS_reduced_size__Size-512x512_Epoch-100_Images-4_Batch-1__random_7_operations_all.pth,random_7_operations,test,71,0.07424750551581383,0.9975357055664062,2023-05-04 10:36:20.782306,[None 'horizontal_flip' 'vertical_flip' 'rotation' 'transpose' 'elastic_transformation' 'grid_distortion' 'optical_distortion']
BONE_CHANNELS_reduced_size__Size-512x512_Epoch-100_Images-4_Batch-1__random_7_operations_all.pth,random_7_operations,train,72,0.027450202498584986,0.9955921173095703,2023-05-04 10:37:39.837934,[None 'horizontal_flip' 'vertical_flip' 'rotation' 'transpose' 'elastic_transformation' 'grid_distortion' 'optical_distortion']
BONE_CHANNELS_reduced_size__Size-512x512_Epoch-100_Images-4_Batch-1__random_7_operations_all.pth,random_7_operations,test,72,0.062034815549850464,0.9975357055664062,2023-05-04 10:37:39.837934,[None 'horizontal_flip' 'vertical_flip' 'rotation' 'transpose' 'elastic_transformation' 'grid_distortion' 'optical_distortion']
BONE_CHANNELS_reduced_size__Size-512x512_Epoch-100_Images-4_Batch-1__random_7_operations_all.pth,random_7_operations,train,73,0.03255248861387372,0.994074821472168,2023-05-04 10:38:59.025520,[None 'horizontal_flip' 'vertical_flip' 'rotation' 'transpose' 'elastic_transformation' 'grid_distortion' 'optical_distortion']
BONE_CHANNELS_reduced_size__Size-512x512_Epoch-100_Images-4_Batch-1__random_7_operations_all.pth,random_7_operations,test,73,0.0756959468126297,0.9975357055664062,2023-05-04 10:38:59.025520,[None 'horizontal_flip' 'vertical_flip' 'rotation' 'transpose' 'elastic_transformation' 'grid_distortion' 'optical_distortion']
BONE_CHANNELS_reduced_size__Size-512x512_Epoch-100_Images-4_Batch-1__random_7_operations_all.pth,random_7_operations,train,74,0.027914986945688725,0.9958724975585938,2023-05-04 10:40:16.890514,[None 'horizontal_flip' 'vertical_flip' 'rotation' 'transpose' 'elastic_transformation' 'grid_distortion' 'optical_distortion']
BONE_CHANNELS_reduced_size__Size-512x512_Epoch-100_Images-4_Batch-1__random_7_operations_all.pth,random_7_operations,test,74,0.0867164395749569,0.9975357055664062,2023-05-04 10:40:16.890514,[None 'horizontal_flip' 'vertical_flip' 'rotation' 'transpose' 'elastic_transformation' 'grid_distortion' 'optical_distortion']
BONE_CHANNELS_reduced_size__Size-512x512_Epoch-100_Images-4_Batch-1__random_7_operations_all.pth,random_7_operations,train,75,0.02966876095160842,0.9949827194213867,2023-05-04 10:41:34.745274,[None 'horizontal_flip' 'vertical_flip' 'rotation' 'transpose' 'elastic_transformation' 'grid_distortion' 'optical_distortion']
BONE_CHANNELS_reduced_size__Size-512x512_Epoch-100_Images-4_Batch-1__random_7_operations_all.pth,random_7_operations,test,75,0.08470307290554047,0.9975357055664062,2023-05-04 10:41:34.745274,[None 'horizontal_flip' 'vertical_flip' 'rotation' 'transpose' 'elastic_transformation' 'grid_distortion' 'optical_distortion']
BONE_CHANNELS_reduced_size__Size-512x512_Epoch-100_Images-4_Batch-1__random_7_operations_all.pth,random_7_operations,train,76,0.02887125127017498,0.9946613311767578,2023-05-04 10:42:52.324356,[None 'horizontal_flip' 'vertical_flip' 'rotation' 'transpose' 'elastic_transformation' 'grid_distortion' 'optical_distortion']
BONE_CHANNELS_reduced_size__Size-512x512_Epoch-100_Images-4_Batch-1__random_7_operations_all.pth,random_7_operations,test,76,0.10392952710390091,0.9975357055664062,2023-05-04 10:42:52.324356,[None 'horizontal_flip' 'vertical_flip' 'rotation' 'transpose' 'elastic_transformation' 'grid_distortion' 'optical_distortion']
BONE_CHANNELS_reduced_size__Size-512x512_Epoch-100_Images-4_Batch-1__random_7_operations_all.pth,random_7_operations,train,77,0.028222893364727497,0.9949560165405273,2023-05-04 10:44:11.586920,[None 'horizontal_flip' 'vertical_flip' 'rotation' 'transpose' 'elastic_transformation' 'grid_distortion' 'optical_distortion']
BONE_CHANNELS_reduced_size__Size-512x512_Epoch-100_Images-4_Batch-1__random_7_operations_all.pth,random_7_operations,test,77,0.10991489514708519,0.9975357055664062,2023-05-04 10:44:11.586920,[None 'horizontal_flip' 'vertical_flip' 'rotation' 'transpose' 'elastic_transformation' 'grid_distortion' 'optical_distortion']
BONE_CHANNELS_reduced_size__Size-512x512_Epoch-100_Images-4_Batch-1__random_7_operations_all.pth,random_7_operations,train,78,0.026313401758670807,0.9953718185424805,2023-05-04 10:45:30.484596,[None 'horizontal_flip' 'vertical_flip' 'rotation' 'transpose' 'elastic_transformation' 'grid_distortion' 'optical_distortion']
BONE_CHANNELS_reduced_size__Size-512x512_Epoch-100_Images-4_Batch-1__random_7_operations_all.pth,random_7_operations,test,78,0.07815498113632202,0.9975357055664062,2023-05-04 10:45:30.484596,[None 'horizontal_flip' 'vertical_flip' 'rotation' 'transpose' 'elastic_transformation' 'grid_distortion' 'optical_distortion']
BONE_CHANNELS_reduced_size__Size-512x512_Epoch-100_Images-4_Batch-1__random_7_operations_all.pth,random_7_operations,train,79,0.028022202663123608,0.9949188232421875,2023-05-04 10:46:49.983085,[None 'horizontal_flip' 'vertical_flip' 'rotation' 'transpose' 'elastic_transformation' 'grid_distortion' 'optical_distortion']
BONE_CHANNELS_reduced_size__Size-512x512_Epoch-100_Images-4_Batch-1__random_7_operations_all.pth,random_7_operations,test,79,0.07266076654195786,0.9975357055664062,2023-05-04 10:46:49.983085,[None 'horizontal_flip' 'vertical_flip' 'rotation' 'transpose' 'elastic_transformation' 'grid_distortion' 'optical_distortion']
BONE_CHANNELS_reduced_size__Size-512x512_Epoch-100_Images-4_Batch-1__random_7_operations_all.pth,random_7_operations,train,80,0.02516511594876647,0.9955034255981445,2023-05-04 10:48:10.883880,[None 'horizontal_flip' 'vertical_flip' 'rotation' 'transpose' 'elastic_transformation' 'grid_distortion' 'optical_distortion']
BONE_CHANNELS_reduced_size__Size-512x512_Epoch-100_Images-4_Batch-1__random_7_operations_all.pth,random_7_operations,test,80,0.0784543864428997,0.9975357055664062,2023-05-04 10:48:10.883880,[None 'horizontal_flip' 'vertical_flip' 'rotation' 'transpose' 'elastic_transformation' 'grid_distortion' 'optical_distortion']
BONE_CHANNELS_reduced_size__Size-512x512_Epoch-100_Images-4_Batch-1__random_7_operations_all.pth,random_7_operations,train,81,0.02695456612855196,0.9955558776855469,2023-05-04 10:49:29.987490,[None 'horizontal_flip' 'vertical_flip' 'rotation' 'transpose' 'elastic_transformation' 'grid_distortion' 'optical_distortion']
BONE_CHANNELS_reduced_size__Size-512x512_Epoch-100_Images-4_Batch-1__random_7_operations_all.pth,random_7_operations,test,81,0.06775897368788719,0.9975357055664062,2023-05-04 10:49:29.987490,[None 'horizontal_flip' 'vertical_flip' 'rotation' 'transpose' 'elastic_transformation' 'grid_distortion' 'optical_distortion']
BONE_CHANNELS_reduced_size__Size-512x512_Epoch-100_Images-4_Batch-1__random_7_operations_all.pth,random_7_operations,train,82,0.025171422865241766,0.9955387115478516,2023-05-04 10:50:49.290042,[None 'horizontal_flip' 'vertical_flip' 'rotation' 'transpose' 'elastic_transformation' 'grid_distortion' 'optical_distortion']
BONE_CHANNELS_reduced_size__Size-512x512_Epoch-100_Images-4_Batch-1__random_7_operations_all.pth,random_7_operations,test,82,0.06379354745149612,0.9975357055664062,2023-05-04 10:50:49.290042,[None 'horizontal_flip' 'vertical_flip' 'rotation' 'transpose' 'elastic_transformation' 'grid_distortion' 'optical_distortion']
BONE_CHANNELS_reduced_size__Size-512x512_Epoch-100_Images-4_Batch-1__random_7_operations_all.pth,random_7_operations,train,83,0.02687185350805521,0.9954137802124023,2023-05-04 10:52:08.463632,[None 'horizontal_flip' 'vertical_flip' 'rotation' 'transpose' 'elastic_transformation' 'grid_distortion' 'optical_distortion']
BONE_CHANNELS_reduced_size__Size-512x512_Epoch-100_Images-4_Batch-1__random_7_operations_all.pth,random_7_operations,test,83,0.063309445977211,0.9975357055664062,2023-05-04 10:52:08.463632,[None 'horizontal_flip' 'vertical_flip' 'rotation' 'transpose' 'elastic_transformation' 'grid_distortion' 'optical_distortion']
BONE_CHANNELS_reduced_size__Size-512x512_Epoch-100_Images-4_Batch-1__random_7_operations_all.pth,random_7_operations,train,84,0.029635848477482796,0.9947776794433594,2023-05-04 10:53:27.070398,[None 'horizontal_flip' 'vertical_flip' 'rotation' 'transpose' 'elastic_transformation' 'grid_distortion' 'optical_distortion']
BONE_CHANNELS_reduced_size__Size-512x512_Epoch-100_Images-4_Batch-1__random_7_operations_all.pth,random_7_operations,test,84,0.06279340200126171,0.9975357055664062,2023-05-04 10:53:27.070398,[None 'horizontal_flip' 'vertical_flip' 'rotation' 'transpose' 'elastic_transformation' 'grid_distortion' 'optical_distortion']
BONE_CHANNELS_reduced_size__Size-512x512_Epoch-100_Images-4_Batch-1__random_7_operations_all.pth,random_7_operations,train,85,0.025570140220224857,0.9950618743896484,2023-05-04 10:54:46.581514,[None 'horizontal_flip' 'vertical_flip' 'rotation' 'transpose' 'elastic_transformation' 'grid_distortion' 'optical_distortion']
BONE_CHANNELS_reduced_size__Size-512x512_Epoch-100_Images-4_Batch-1__random_7_operations_all.pth,random_7_operations,test,85,0.06688534468412399,0.9975357055664062,2023-05-04 10:54:46.581514,[None 'horizontal_flip' 'vertical_flip' 'rotation' 'transpose' 'elastic_transformation' 'grid_distortion' 'optical_distortion']
BONE_CHANNELS_reduced_size__Size-512x512_Epoch-100_Images-4_Batch-1__random_7_operations_all.pth,random_7_operations,train,86,0.030277281068265438,0.993499755859375,2023-05-04 10:56:06.018025,[None 'horizontal_flip' 'vertical_flip' 'rotation' 'transpose' 'elastic_transformation' 'grid_distortion' 'optical_distortion']
BONE_CHANNELS_reduced_size__Size-512x512_Epoch-100_Images-4_Batch-1__random_7_operations_all.pth,random_7_operations,test,86,0.06544700637459755,0.9975357055664062,2023-05-04 10:56:06.018025,[None 'horizontal_flip' 'vertical_flip' 'rotation' 'transpose' 'elastic_transformation' 'grid_distortion' 'optical_distortion']
BONE_CHANNELS_reduced_size__Size-512x512_Epoch-100_Images-4_Batch-1__random_7_operations_all.pth,random_7_operations,train,87,0.022025787737220526,0.9961948394775391,2023-05-04 10:57:24.362870,[None 'horizontal_flip' 'vertical_flip' 'rotation' 'transpose' 'elastic_transformation' 'grid_distortion' 'optical_distortion']
BONE_CHANNELS_reduced_size__Size-512x512_Epoch-100_Images-4_Batch-1__random_7_operations_all.pth,random_7_operations,test,87,0.049099039286375046,0.9975357055664062,2023-05-04 10:57:24.362870,[None 'horizontal_flip' 'vertical_flip' 'rotation' 'transpose' 'elastic_transformation' 'grid_distortion' 'optical_distortion']
BONE_CHANNELS_reduced_size__Size-512x512_Epoch-100_Images-4_Batch-1__random_7_operations_all.pth,random_7_operations,train,88,0.02373938588425517,0.9954624176025391,2023-05-04 10:58:42.743705,[None 'horizontal_flip' 'vertical_flip' 'rotation' 'transpose' 'elastic_transformation' 'grid_distortion' 'optical_distortion']
BONE_CHANNELS_reduced_size__Size-512x512_Epoch-100_Images-4_Batch-1__random_7_operations_all.pth,random_7_operations,test,88,0.04575882479548454,0.9975357055664062,2023-05-04 10:58:42.743705,[None 'horizontal_flip' 'vertical_flip' 'rotation' 'transpose' 'elastic_transformation' 'grid_distortion' 'optical_distortion']
BONE_CHANNELS_reduced_size__Size-512x512_Epoch-100_Images-4_Batch-1__random_7_operations_all.pth,random_7_operations,train,89,0.02290014224126935,0.9956169128417969,2023-05-04 11:00:00.040874,[None 'horizontal_flip' 'vertical_flip' 'rotation' 'transpose' 'elastic_transformation' 'grid_distortion' 'optical_distortion']
BONE_CHANNELS_reduced_size__Size-512x512_Epoch-100_Images-4_Batch-1__random_7_operations_all.pth,random_7_operations,test,89,0.05664593726396561,0.9975357055664062,2023-05-04 11:00:00.040874,[None 'horizontal_flip' 'vertical_flip' 'rotation' 'transpose' 'elastic_transformation' 'grid_distortion' 'optical_distortion']
BONE_CHANNELS_reduced_size__Size-512x512_Epoch-100_Images-4_Batch-1__random_7_operations_all.pth,random_7_operations,train,90,0.02464020112529397,0.9954013824462891,2023-05-04 11:01:19.743431,[None 'horizontal_flip' 'vertical_flip' 'rotation' 'transpose' 'elastic_transformation' 'grid_distortion' 'optical_distortion']
BONE_CHANNELS_reduced_size__Size-512x512_Epoch-100_Images-4_Batch-1__random_7_operations_all.pth,random_7_operations,test,90,0.05541367270052433,0.9975357055664062,2023-05-04 11:01:19.743431,[None 'horizontal_flip' 'vertical_flip' 'rotation' 'transpose' 'elastic_transformation' 'grid_distortion' 'optical_distortion']
BONE_CHANNELS_reduced_size__Size-512x512_Epoch-100_Images-4_Batch-1__random_7_operations_all.pth,random_7_operations,train,91,0.02286628121510148,0.9954442977905273,2023-05-04 11:02:38.675095,[None 'horizontal_flip' 'vertical_flip' 'rotation' 'transpose' 'elastic_transformation' 'grid_distortion' 'optical_distortion']
BONE_CHANNELS_reduced_size__Size-512x512_Epoch-100_Images-4_Batch-1__random_7_operations_all.pth,random_7_operations,test,91,0.05126157961785793,0.9975357055664062,2023-05-04 11:02:38.675095,[None 'horizontal_flip' 'vertical_flip' 'rotation' 'transpose' 'elastic_transformation' 'grid_distortion' 'optical_distortion']
BONE_CHANNELS_reduced_size__Size-512x512_Epoch-100_Images-4_Batch-1__random_7_operations_all.pth,random_7_operations,train,92,0.02311213780194521,0.9955778121948242,2023-05-04 11:03:59.449193,[None 'horizontal_flip' 'vertical_flip' 'rotation' 'transpose' 'elastic_transformation' 'grid_distortion' 'optical_distortion']
BONE_CHANNELS_reduced_size__Size-512x512_Epoch-100_Images-4_Batch-1__random_7_operations_all.pth,random_7_operations,test,92,0.04777720011770725,0.9975357055664062,2023-05-04 11:03:59.449193,[None 'horizontal_flip' 'vertical_flip' 'rotation' 'transpose' 'elastic_transformation' 'grid_distortion' 'optical_distortion']
BONE_CHANNELS_reduced_size__Size-512x512_Epoch-100_Images-4_Batch-1__random_7_operations_all.pth,random_7_operations,train,93,0.02692970586940646,0.9942607879638672,2023-05-04 11:05:18.989670,[None 'horizontal_flip' 'vertical_flip' 'rotation' 'transpose' 'elastic_transformation' 'grid_distortion' 'optical_distortion']
BONE_CHANNELS_reduced_size__Size-512x512_Epoch-100_Images-4_Batch-1__random_7_operations_all.pth,random_7_operations,test,93,0.05120573379099369,0.9975357055664062,2023-05-04 11:05:18.989670,[None 'horizontal_flip' 'vertical_flip' 'rotation' 'transpose' 'elastic_transformation' 'grid_distortion' 'optical_distortion']
BONE_CHANNELS_reduced_size__Size-512x512_Epoch-100_Images-4_Batch-1__random_7_operations_all.pth,random_7_operations,train,94,0.02669335389509797,0.9942045211791992,2023-05-04 11:06:37.896343,[None 'horizontal_flip' 'vertical_flip' 'rotation' 'transpose' 'elastic_transformation' 'grid_distortion' 'optical_distortion']
BONE_CHANNELS_reduced_size__Size-512x512_Epoch-100_Images-4_Batch-1__random_7_operations_all.pth,random_7_operations,test,94,0.05420126020908356,0.9975357055664062,2023-05-04 11:06:37.896343,[None 'horizontal_flip' 'vertical_flip' 'rotation' 'transpose' 'elastic_transformation' 'grid_distortion' 'optical_distortion']
BONE_CHANNELS_reduced_size__Size-512x512_Epoch-100_Images-4_Batch-1__random_7_operations_all.pth,random_7_operations,train,95,0.02214343613013625,0.9957342147827148,2023-05-04 11:07:57.715098,[None 'horizontal_flip' 'vertical_flip' 'rotation' 'transpose' 'elastic_transformation' 'grid_distortion' 'optical_distortion']
BONE_CHANNELS_reduced_size__Size-512x512_Epoch-100_Images-4_Batch-1__random_7_operations_all.pth,random_7_operations,test,95,0.04406621865928173,0.9975357055664062,2023-05-04 11:07:57.715098,[None 'horizontal_flip' 'vertical_flip' 'rotation' 'transpose' 'elastic_transformation' 'grid_distortion' 'optical_distortion']
BONE_CHANNELS_reduced_size__Size-512x512_Epoch-100_Images-4_Batch-1__random_7_operations_all.pth,random_7_operations,train,96,0.02289023669436574,0.9949216842651367,2023-05-04 11:09:16.490815,[None 'horizontal_flip' 'vertical_flip' 'rotation' 'transpose' 'elastic_transformation' 'grid_distortion' 'optical_distortion']
BONE_CHANNELS_reduced_size__Size-512x512_Epoch-100_Images-4_Batch-1__random_7_operations_all.pth,random_7_operations,test,96,0.04381707310676575,0.9975357055664062,2023-05-04 11:09:16.490815,[None 'horizontal_flip' 'vertical_flip' 'rotation' 'transpose' 'elastic_transformation' 'grid_distortion' 'optical_distortion']
BONE_CHANNELS_reduced_size__Size-512x512_Epoch-100_Images-4_Batch-1__random_7_operations_all.pth,random_7_operations,train,97,0.0232748338021338,0.9951333999633789,2023-05-04 11:10:35.921326,[None 'horizontal_flip' 'vertical_flip' 'rotation' 'transpose' 'elastic_transformation' 'grid_distortion' 'optical_distortion']
BONE_CHANNELS_reduced_size__Size-512x512_Epoch-100_Images-4_Batch-1__random_7_operations_all.pth,random_7_operations,test,97,0.04749092273414135,0.9975357055664062,2023-05-04 11:10:35.921326,[None 'horizontal_flip' 'vertical_flip' 'rotation' 'transpose' 'elastic_transformation' 'grid_distortion' 'optical_distortion']
BONE_CHANNELS_reduced_size__Size-512x512_Epoch-100_Images-4_Batch-1__random_7_operations_all.pth,random_7_operations,train,98,0.024092620238661766,0.9953365325927734,2023-05-04 11:11:55.197885,[None 'horizontal_flip' 'vertical_flip' 'rotation' 'transpose' 'elastic_transformation' 'grid_distortion' 'optical_distortion']
BONE_CHANNELS_reduced_size__Size-512x512_Epoch-100_Images-4_Batch-1__random_7_operations_all.pth,random_7_operations,test,98,0.04588896408677101,0.9975357055664062,2023-05-04 11:11:55.197885,[None 'horizontal_flip' 'vertical_flip' 'rotation' 'transpose' 'elastic_transformation' 'grid_distortion' 'optical_distortion']
BONE_CHANNELS_reduced_size__Size-512x512_Epoch-100_Images-4_Batch-1__random_7_operations_all.pth,random_7_operations,train,99,0.024699184577912092,0.9945297241210938,2023-05-04 11:13:14.350482,[None 'horizontal_flip' 'vertical_flip' 'rotation' 'transpose' 'elastic_transformation' 'grid_distortion' 'optical_distortion']
BONE_CHANNELS_reduced_size__Size-512x512_Epoch-100_Images-4_Batch-1__random_7_operations_all.pth,random_7_operations,test,99,0.0475627351552248,0.9975357055664062,2023-05-04 11:13:14.350482,[None 'horizontal_flip' 'vertical_flip' 'rotation' 'transpose' 'elastic_transformation' 'grid_distortion' 'optical_distortion']
